{
  "num_samples": 18040,
  "loss": 1.040875551282963,
  "accuracy": 0.3524390243902439,
  "f1_weighted": 0.24744143963837653,
  "kappa": 0.1225777377196936,
  "best_kappa_from_ckpt": 0.1225777377196936,
  "loss_type": "ce",
  "feature_mode": "basic",
  "normalize_mode": "minmax",
  "confusion_matrix": [
    [
      3807,
      0,
      2056
    ],
    [
      4080,
      0,
      4489
    ],
    [
      1057,
      0,
      2551
    ]
  ],
  "classification_report": {
    "mild_1_to_3": {
      "precision": 0.4256484794275492,
      "recall": 0.6493262834726249,
      "f1-score": 0.5142162490713852,
      "support": 5863.0
    },
    "moderate_4_to_6": {
      "precision": 0.0,
      "recall": 0.0,
      "f1-score": 0.0,
      "support": 8569.0
    },
    "severe_7_to_8": {
      "precision": 0.280452946350044,
      "recall": 0.707039911308204,
      "f1-score": 0.4016057934508816,
      "support": 3608.0
    },
    "accuracy": 0.3524390243902439,
    "macro avg": {
      "precision": 0.2353671419258644,
      "recall": 0.4521220649269429,
      "f1-score": 0.3052740141740889,
      "support": 18040.0
    },
    "weighted avg": {
      "precision": 0.19442634508396228,
      "recall": 0.3524390243902439,
      "f1-score": 0.24744143963837653,
      "support": 18040.0
    }
  }
}