{
  "num_samples": 18040,
  "loss": 0.5661153332885775,
  "accuracy": 0.475,
  "f1_weighted": 0.3059322033898305,
  "kappa": 0.0,
  "best_kappa_from_ckpt": 0.0,
  "loss_type": "coral",
  "feature_mode": "enhanced",
  "normalize_mode": "subject",
  "confusion_matrix": [
    [
      0,
      5863,
      0
    ],
    [
      0,
      8569,
      0
    ],
    [
      0,
      3608,
      0
    ]
  ],
  "classification_report": {
    "mild_1_to_3": {
      "precision": 0.0,
      "recall": 0.0,
      "f1-score": 0.0,
      "support": 5863.0
    },
    "moderate_4_to_6": {
      "precision": 0.475,
      "recall": 1.0,
      "f1-score": 0.6440677966101694,
      "support": 8569.0
    },
    "severe_7_to_8": {
      "precision": 0.0,
      "recall": 0.0,
      "f1-score": 0.0,
      "support": 3608.0
    },
    "accuracy": 0.475,
    "macro avg": {
      "precision": 0.15833333333333333,
      "recall": 0.3333333333333333,
      "f1-score": 0.21468926553672316,
      "support": 18040.0
    },
    "weighted avg": {
      "precision": 0.225625,
      "recall": 0.475,
      "f1-score": 0.3059322033898305,
      "support": 18040.0
    }
  }
}