{
  "num_samples": 18040,
  "loss": 1.0422516897353789,
  "accuracy": 0.3632483370288248,
  "f1_weighted": 0.25303359829733574,
  "kappa": 0.12960788028035608,
  "best_kappa_from_ckpt": 0.12960788028035608,
  "confusion_matrix": [
    [
      4149,
      0,
      1714
    ],
    [
      4523,
      0,
      4046
    ],
    [
      1204,
      0,
      2404
    ]
  ],
  "classification_report": {
    "mild_1_to_3": {
      "precision": 0.4201093560145808,
      "recall": 0.7076581954630735,
      "f1-score": 0.5272253637461084,
      "support": 5863.0
    },
    "moderate_4_to_6": {
      "precision": 0.0,
      "recall": 0.0,
      "f1-score": 0.0,
      "support": 8569.0
    },
    "severe_7_to_8": {
      "precision": 0.29446349828515433,
      "recall": 0.6662971175166297,
      "f1-score": 0.4084267753992525,
      "support": 3608.0
    },
    "accuracy": 0.3632483370288248,
    "macro avg": {
      "precision": 0.23819095143324506,
      "recall": 0.4579851043265677,
      "f1-score": 0.31188404638178696,
      "support": 18040.0
    },
    "weighted avg": {
      "precision": 0.19542824036176962,
      "recall": 0.3632483370288248,
      "f1-score": 0.25303359829733574,
      "support": 18040.0
    }
  }
}